month,topic,label,posts,month_total,share_pct
2024-09,contribution_howmuch,存多少/存够没,2,22,9.09
2024-09,early_withdrawal,提前取钱/套现,5,22,22.73
2024-09,fees_provider,费用/服务商,1,22,4.55
2024-09,fund_selection,选基金/资产配置,2,22,9.09
2024-09,match_vesting,公司match/vesting,4,22,18.18
2024-09,max_limits,存满/限额/超存,1,22,4.55
2024-09,other,other,1,22,4.55
2024-09,rollover_jobchange,换工作/rollover/旧账户,2,22,9.09
2024-09,roth_vs_traditional,Roth vs Traditional,4,22,18.18
2024-10,contribution_howmuch,存多少/存够没,5,91,5.49
2024-10,crypto_gold,加密/黄金,1,91,1.1
2024-10,early_withdrawal,提前取钱/套现,13,91,14.29
2024-10,fees_provider,费用/服务商,1,91,1.1
2024-10,fund_selection,选基金/资产配置,3,91,3.3
2024-10,loan_401k,401k贷款,1,91,1.1
2024-10,match_vesting,公司match/vesting,20,91,21.98
2024-10,max_limits,存满/限额/超存,9,91,9.89
2024-10,new_to_401k,新手入门,1,91,1.1
2024-10,other,other,8,91,8.79
2024-10,progress_anxiety,进度焦虑(am I behind),2,91,2.2
2024-10,rmd_retirement,RMD/退休支取,4,91,4.4
2024-10,rollover_jobchange,换工作/rollover/旧账户,5,91,5.49
2024-10,roth_vs_traditional,Roth vs Traditional,14,91,15.38
2024-10,solo_401k,Solo 401k/自雇,4,91,4.4
2024-11,contribution_howmuch,存多少/存够没,5,105,4.76
2024-11,early_withdrawal,提前取钱/套现,15,105,14.29
2024-11,fees_provider,费用/服务商,1,105,0.95
2024-11,fund_selection,选基金/资产配置,3,105,2.86
2024-11,loan_401k,401k贷款,2,105,1.9
2024-11,match_vesting,公司match/vesting,24,105,22.86
2024-11,max_limits,存满/限额/超存,9,105,8.57
2024-11,other,other,12,105,11.43
2024-11,rmd_retirement,RMD/退休支取,7,105,6.67
2024-11,rollover_jobchange,换工作/rollover/旧账户,6,105,5.71
2024-11,roth_vs_traditional,Roth vs Traditional,18,105,17.14
2024-11,solo_401k,Solo 401k/自雇,3,105,2.86
2024-12,contribution_howmuch,存多少/存够没,5,145,3.45
2024-12,early_withdrawal,提前取钱/套现,15,145,10.34
2024-12,fees_provider,费用/服务商,5,145,3.45
2024-12,fund_selection,选基金/资产配置,7,145,4.83
2024-12,loan_401k,401k贷款,1,145,0.69
2024-12,market_panic,市场下跌恐慌,1,145,0.69
2024-12,match_vesting,公司match/vesting,33,145,22.76
2024-12,max_limits,存满/限额/超存,6,145,4.14
2024-12,new_to_401k,新手入门,1,145,0.69
2024-12,other,other,20,145,13.79
2024-12,progress_anxiety,进度焦虑(am I behind),4,145,2.76
2024-12,rmd_retirement,RMD/退休支取,3,145,2.07
2024-12,rollover_jobchange,换工作/rollover/旧账户,9,145,6.21
2024-12,roth_vs_traditional,Roth vs Traditional,32,145,22.07
2024-12,solo_401k,Solo 401k/自雇,3,145,2.07
2025-01,contribution_howmuch,存多少/存够没,6,158,3.8
2025-01,early_withdrawal,提前取钱/套现,22,158,13.92
2025-01,fees_provider,费用/服务商,5,158,3.16
2025-01,fund_selection,选基金/资产配置,5,158,3.16
2025-01,loan_401k,401k贷款,4,158,2.53
2025-01,market_panic,市场下跌恐慌,1,158,0.63
2025-01,match_vesting,公司match/vesting,41,158,25.95
2025-01,max_limits,存满/限额/超存,1,158,0.63
2025-01,other,other,23,158,14.56
2025-01,progress_anxiety,进度焦虑(am I behind),1,158,0.63
2025-01,rmd_retirement,RMD/退休支取,5,158,3.16
2025-01,rollover_jobchange,换工作/rollover/旧账户,10,158,6.33
2025-01,roth_vs_traditional,Roth vs Traditional,33,158,20.89
2025-01,solo_401k,Solo 401k/自雇,1,158,0.63
2025-02,contribution_howmuch,存多少/存够没,5,126,3.97
2025-02,early_withdrawal,提前取钱/套现,17,126,13.49
2025-02,fees_provider,费用/服务商,4,126,3.17
2025-02,fund_selection,选基金/资产配置,9,126,7.14
2025-02,loan_401k,401k贷款,3,126,2.38
2025-02,match_vesting,公司match/vesting,33,126,26.19
2025-02,max_limits,存满/限额/超存,3,126,2.38
2025-02,other,other,17,126,13.49
2025-02,progress_anxiety,进度焦虑(am I behind),2,126,1.59
2025-02,rmd_retirement,RMD/退休支取,2,126,1.59
2025-02,rollover_jobchange,换工作/rollover/旧账户,10,126,7.94
2025-02,roth_vs_traditional,Roth vs Traditional,20,126,15.87
2025-02,solo_401k,Solo 401k/自雇,1,126,0.79
2025-03,contribution_howmuch,存多少/存够没,1,125,0.8
2025-03,crypto_gold,加密/黄金,1,125,0.8
2025-03,early_withdrawal,提前取钱/套现,11,125,8.8
2025-03,fees_provider,费用/服务商,3,125,2.4
2025-03,fund_selection,选基金/资产配置,11,125,8.8
2025-03,loan_401k,401k贷款,3,125,2.4
2025-03,market_panic,市场下跌恐慌,1,125,0.8
2025-03,match_vesting,公司match/vesting,27,125,21.6
2025-03,max_limits,存满/限额/超存,2,125,1.6
2025-03,new_to_401k,新手入门,1,125,0.8
2025-03,other,other,28,125,22.4
2025-03,progress_anxiety,进度焦虑(am I behind),2,125,1.6
2025-03,rmd_retirement,RMD/退休支取,4,125,3.2
2025-03,rollover_jobchange,换工作/rollover/旧账户,9,125,7.2
2025-03,roth_vs_traditional,Roth vs Traditional,20,125,16.0
2025-03,solo_401k,Solo 401k/自雇,1,125,0.8
2025-04,contribution_howmuch,存多少/存够没,8,182,4.4
2025-04,early_withdrawal,提前取钱/套现,14,182,7.69
2025-04,fees_provider,费用/服务商,1,182,0.55
2025-04,fund_selection,选基金/资产配置,10,182,5.49
2025-04,loan_401k,401k贷款,6,182,3.3
2025-04,market_panic,市场下跌恐慌,1,182,0.55
2025-04,match_vesting,公司match/vesting,32,182,17.58
2025-04,max_limits,存满/限额/超存,3,182,1.65
2025-04,new_to_401k,新手入门,1,182,0.55
2025-04,other,other,71,182,39.01
2025-04,progress_anxiety,进度焦虑(am I behind),2,182,1.1
2025-04,rmd_retirement,RMD/退休支取,4,182,2.2
2025-04,rollover_jobchange,换工作/rollover/旧账户,7,182,3.85
2025-04,roth_vs_traditional,Roth vs Traditional,18,182,9.89
2025-04,solo_401k,Solo 401k/自雇,4,182,2.2
2025-05,contribution_howmuch,存多少/存够没,7,148,4.73
2025-05,crypto_gold,加密/黄金,1,148,0.68
2025-05,early_withdrawal,提前取钱/套现,10,148,6.76
2025-05,fees_provider,费用/服务商,4,148,2.7
2025-05,fund_selection,选基金/资产配置,3,148,2.03
2025-05,loan_401k,401k贷款,5,148,3.38
2025-05,match_vesting,公司match/vesting,37,148,25.0
2025-05,max_limits,存满/限额/超存,3,148,2.03
2025-05,new_to_401k,新手入门,2,148,1.35
2025-05,other,other,22,148,14.86
2025-05,progress_anxiety,进度焦虑(am I behind),3,148,2.03
2025-05,rmd_retirement,RMD/退休支取,4,148,2.7
2025-05,rollover_jobchange,换工作/rollover/旧账户,12,148,8.11
2025-05,roth_vs_traditional,Roth vs Traditional,34,148,22.97
2025-05,solo_401k,Solo 401k/自雇,1,148,0.68
2025-06,contribution_howmuch,存多少/存够没,5,135,3.7
2025-06,crypto_gold,加密/黄金,1,135,0.74
2025-06,early_withdrawal,提前取钱/套现,9,135,6.67
2025-06,fees_provider,费用/服务商,1,135,0.74
2025-06,fund_selection,选基金/资产配置,8,135,5.93
2025-06,loan_401k,401k贷款,1,135,0.74
2025-06,market_panic,市场下跌恐慌,1,135,0.74
2025-06,match_vesting,公司match/vesting,24,135,17.78
2025-06,max_limits,存满/限额/超存,7,135,5.19
2025-06,new_to_401k,新手入门,1,135,0.74
2025-06,other,other,25,135,18.52
2025-06,progress_anxiety,进度焦虑(am I behind),2,135,1.48
2025-06,rmd_retirement,RMD/退休支取,5,135,3.7
2025-06,rollover_jobchange,换工作/rollover/旧账户,9,135,6.67
2025-06,roth_vs_traditional,Roth vs Traditional,34,135,25.19
2025-06,solo_401k,Solo 401k/自雇,2,135,1.48
2025-07,contribution_howmuch,存多少/存够没,10,223,4.48
2025-07,early_withdrawal,提前取钱/套现,27,223,12.11
2025-07,fees_provider,费用/服务商,2,223,0.9
2025-07,fund_selection,选基金/资产配置,15,223,6.73
2025-07,loan_401k,401k贷款,2,223,0.9
2025-07,match_vesting,公司match/vesting,36,223,16.14
2025-07,max_limits,存满/限额/超存,2,223,0.9
2025-07,new_to_401k,新手入门,3,223,1.35
2025-07,other,other,35,223,15.7
2025-07,progress_anxiety,进度焦虑(am I behind),11,223,4.93
2025-07,rmd_retirement,RMD/退休支取,9,223,4.04
2025-07,rollover_jobchange,换工作/rollover/旧账户,15,223,6.73
2025-07,roth_vs_traditional,Roth vs Traditional,51,223,22.87
2025-07,solo_401k,Solo 401k/自雇,5,223,2.24
2025-08,contribution_howmuch,存多少/存够没,12,212,5.66
2025-08,crypto_gold,加密/黄金,1,212,0.47
2025-08,early_withdrawal,提前取钱/套现,18,212,8.49
2025-08,fees_provider,费用/服务商,7,212,3.3
2025-08,fund_selection,选基金/资产配置,10,212,4.72
2025-08,loan_401k,401k贷款,2,212,0.94
2025-08,market_panic,市场下跌恐慌,2,212,0.94
2025-08,match_vesting,公司match/vesting,44,212,20.75
2025-08,max_limits,存满/限额/超存,7,212,3.3
2025-08,other,other,42,212,19.81
2025-08,progress_anxiety,进度焦虑(am I behind),4,212,1.89
2025-08,rmd_retirement,RMD/退休支取,9,212,4.25
2025-08,rollover_jobchange,换工作/rollover/旧账户,8,212,3.77
2025-08,roth_vs_traditional,Roth vs Traditional,43,212,20.28
2025-08,solo_401k,Solo 401k/自雇,3,212,1.42
2025-09,contribution_howmuch,存多少/存够没,11,207,5.31
2025-09,early_withdrawal,提前取钱/套现,16,207,7.73
2025-09,fees_provider,费用/服务商,4,207,1.93
2025-09,fund_selection,选基金/资产配置,10,207,4.83
2025-09,loan_401k,401k贷款,2,207,0.97
2025-09,match_vesting,公司match/vesting,52,207,25.12
2025-09,max_limits,存满/限额/超存,7,207,3.38
2025-09,new_to_401k,新手入门,2,207,0.97
2025-09,other,other,44,207,21.26
2025-09,progress_anxiety,进度焦虑(am I behind),4,207,1.93
2025-09,rmd_retirement,RMD/退休支取,7,207,3.38
2025-09,rollover_jobchange,换工作/rollover/旧账户,9,207,4.35
2025-09,roth_vs_traditional,Roth vs Traditional,36,207,17.39
2025-09,solo_401k,Solo 401k/自雇,3,207,1.45
2025-10,contribution_howmuch,存多少/存够没,15,237,6.33
2025-10,early_withdrawal,提前取钱/套现,19,237,8.02
2025-10,fees_provider,费用/服务商,4,237,1.69
2025-10,fund_selection,选基金/资产配置,7,237,2.95
2025-10,loan_401k,401k贷款,3,237,1.27
2025-10,market_panic,市场下跌恐慌,2,237,0.84
2025-10,match_vesting,公司match/vesting,45,237,18.99
2025-10,max_limits,存满/限额/超存,11,237,4.64
2025-10,new_to_401k,新手入门,1,237,0.42
2025-10,other,other,54,237,22.78
2025-10,progress_anxiety,进度焦虑(am I behind),4,237,1.69
2025-10,rmd_retirement,RMD/退休支取,11,237,4.64
2025-10,rollover_jobchange,换工作/rollover/旧账户,13,237,5.49
2025-10,roth_vs_traditional,Roth vs Traditional,46,237,19.41
2025-10,solo_401k,Solo 401k/自雇,2,237,0.84
2025-11,contribution_howmuch,存多少/存够没,6,194,3.09
2025-11,early_withdrawal,提前取钱/套现,19,194,9.79
2025-11,fees_provider,费用/服务商,7,194,3.61
2025-11,fund_selection,选基金/资产配置,16,194,8.25
2025-11,loan_401k,401k贷款,1,194,0.52
2025-11,match_vesting,公司match/vesting,37,194,19.07
2025-11,max_limits,存满/限额/超存,13,194,6.7
2025-11,other,other,46,194,23.71
2025-11,progress_anxiety,进度焦虑(am I behind),5,194,2.58
2025-11,rmd_retirement,RMD/退休支取,4,194,2.06
2025-11,rollover_jobchange,换工作/rollover/旧账户,12,194,6.19
2025-11,roth_vs_traditional,Roth vs Traditional,24,194,12.37
2025-11,solo_401k,Solo 401k/自雇,4,194,2.06
2025-12,contribution_howmuch,存多少/存够没,17,311,5.47
2025-12,early_withdrawal,提前取钱/套现,21,311,6.75
2025-12,fees_provider,费用/服务商,5,311,1.61
2025-12,fund_selection,选基金/资产配置,22,311,7.07
2025-12,market_panic,市场下跌恐慌,1,311,0.32
2025-12,match_vesting,公司match/vesting,63,311,20.26
2025-12,max_limits,存满/限额/超存,16,311,5.14
2025-12,other,other,44,311,14.15
2025-12,progress_anxiety,进度焦虑(am I behind),4,311,1.29
2025-12,rmd_retirement,RMD/退休支取,11,311,3.54
2025-12,rollover_jobchange,换工作/rollover/旧账户,20,311,6.43
2025-12,roth_vs_traditional,Roth vs Traditional,80,311,25.72
2025-12,solo_401k,Solo 401k/自雇,7,311,2.25
2026-01,contribution_howmuch,存多少/存够没,7,482,1.45
2026-01,early_withdrawal,提前取钱/套现,40,482,8.3
2026-01,fees_provider,费用/服务商,9,482,1.87
2026-01,fund_selection,选基金/资产配置,26,482,5.39
2026-01,loan_401k,401k贷款,5,482,1.04
2026-01,market_panic,市场下跌恐慌,6,482,1.24
2026-01,match_vesting,公司match/vesting,83,482,17.22
2026-01,max_limits,存满/限额/超存,20,482,4.15
2026-01,new_to_401k,新手入门,2,482,0.41
2026-01,other,other,104,482,21.58
2026-01,progress_anxiety,进度焦虑(am I behind),24,482,4.98
2026-01,rmd_retirement,RMD/退休支取,22,482,4.56
2026-01,rollover_jobchange,换工作/rollover/旧账户,15,482,3.11
2026-01,roth_vs_traditional,Roth vs Traditional,110,482,22.82
2026-01,solo_401k,Solo 401k/自雇,9,482,1.87
2026-02,contribution_howmuch,存多少/存够没,27,628,4.3
2026-02,crypto_gold,加密/黄金,3,628,0.48
2026-02,early_withdrawal,提前取钱/套现,32,628,5.1
2026-02,fees_provider,费用/服务商,8,628,1.27
2026-02,fund_selection,选基金/资产配置,29,628,4.62
2026-02,loan_401k,401k贷款,8,628,1.27
2026-02,market_panic,市场下跌恐慌,2,628,0.32
2026-02,match_vesting,公司match/vesting,118,628,18.79
2026-02,max_limits,存满/限额/超存,32,628,5.1
2026-02,new_to_401k,新手入门,1,628,0.16
2026-02,other,other,118,628,18.79
2026-02,progress_anxiety,进度焦虑(am I behind),37,628,5.89
2026-02,rmd_retirement,RMD/退休支取,43,628,6.85
2026-02,rollover_jobchange,换工作/rollover/旧账户,15,628,2.39
2026-02,roth_vs_traditional,Roth vs Traditional,145,628,23.09
2026-02,solo_401k,Solo 401k/自雇,10,628,1.59
2026-03,contribution_howmuch,存多少/存够没,23,468,4.91
2026-03,crypto_gold,加密/黄金,3,468,0.64
2026-03,early_withdrawal,提前取钱/套现,26,468,5.56
2026-03,fees_provider,费用/服务商,9,468,1.92
2026-03,fund_selection,选基金/资产配置,28,468,5.98
2026-03,loan_401k,401k贷款,1,468,0.21
2026-03,market_panic,市场下跌恐慌,3,468,0.64
2026-03,match_vesting,公司match/vesting,76,468,16.24
2026-03,max_limits,存满/限额/超存,16,468,3.42
2026-03,new_to_401k,新手入门,2,468,0.43
2026-03,other,other,118,468,25.21
2026-03,progress_anxiety,进度焦虑(am I behind),14,468,2.99
2026-03,rmd_retirement,RMD/退休支取,21,468,4.49
2026-03,rollover_jobchange,换工作/rollover/旧账户,23,468,4.91
2026-03,roth_vs_traditional,Roth vs Traditional,99,468,21.15
2026-03,solo_401k,Solo 401k/自雇,6,468,1.28
2026-04,contribution_howmuch,存多少/存够没,20,419,4.77
2026-04,crypto_gold,加密/黄金,1,419,0.24
2026-04,early_withdrawal,提前取钱/套现,20,419,4.77
2026-04,fees_provider,费用/服务商,8,419,1.91
2026-04,fund_selection,选基金/资产配置,19,419,4.53
2026-04,loan_401k,401k贷款,5,419,1.19
2026-04,market_panic,市场下跌恐慌,2,419,0.48
2026-04,match_vesting,公司match/vesting,67,419,15.99
2026-04,max_limits,存满/限额/超存,13,419,3.1
2026-04,new_to_401k,新手入门,1,419,0.24
2026-04,other,other,90,419,21.48
2026-04,progress_anxiety,进度焦虑(am I behind),17,419,4.06
2026-04,rmd_retirement,RMD/退休支取,36,419,8.59
2026-04,rollover_jobchange,换工作/rollover/旧账户,20,419,4.77
2026-04,roth_vs_traditional,Roth vs Traditional,96,419,22.91
2026-04,solo_401k,Solo 401k/自雇,4,419,0.95
2026-05,contribution_howmuch,存多少/存够没,25,848,2.95
2026-05,crypto_gold,加密/黄金,1,848,0.12
2026-05,early_withdrawal,提前取钱/套现,30,848,3.54
2026-05,fees_provider,费用/服务商,11,848,1.3
2026-05,fund_selection,选基金/资产配置,30,848,3.54
2026-05,loan_401k,401k贷款,9,848,1.06
2026-05,market_panic,市场下跌恐慌,3,848,0.35
2026-05,match_vesting,公司match/vesting,168,848,19.81
2026-05,max_limits,存满/限额/超存,31,848,3.66
2026-05,new_to_401k,新手入门,2,848,0.24
2026-05,other,other,154,848,18.16
2026-05,progress_anxiety,进度焦虑(am I behind),60,848,7.08
2026-05,rmd_retirement,RMD/退休支取,61,848,7.19
2026-05,rollover_jobchange,换工作/rollover/旧账户,17,848,2.0
2026-05,roth_vs_traditional,Roth vs Traditional,235,848,27.71
2026-05,solo_401k,Solo 401k/自雇,11,848,1.3
2026-06,contribution_howmuch,存多少/存够没,39,656,5.95
2026-06,crypto_gold,加密/黄金,1,656,0.15
2026-06,early_withdrawal,提前取钱/套现,26,656,3.96
2026-06,fees_provider,费用/服务商,6,656,0.91
2026-06,fund_selection,选基金/资产配置,24,656,3.66
2026-06,loan_401k,401k贷款,7,656,1.07
2026-06,market_panic,市场下跌恐慌,2,656,0.3
2026-06,match_vesting,公司match/vesting,121,656,18.45
2026-06,max_limits,存满/限额/超存,12,656,1.83
2026-06,new_to_401k,新手入门,5,656,0.76
2026-06,other,other,161,656,24.54
2026-06,progress_anxiety,进度焦虑(am I behind),27,656,4.12
2026-06,rmd_retirement,RMD/退休支取,30,656,4.57
2026-06,rollover_jobchange,换工作/rollover/旧账户,20,656,3.05
2026-06,roth_vs_traditional,Roth vs Traditional,170,656,25.91
2026-06,solo_401k,Solo 401k/自雇,5,656,0.76
2026-07,contribution_howmuch,存多少/存够没,24,701,3.42
2026-07,crypto_gold,加密/黄金,1,701,0.14
2026-07,early_withdrawal,提前取钱/套现,39,701,5.56
2026-07,fees_provider,费用/服务商,15,701,2.14
2026-07,fund_selection,选基金/资产配置,40,701,5.71
2026-07,loan_401k,401k贷款,7,701,1.0
2026-07,market_panic,市场下跌恐慌,4,701,0.57
2026-07,match_vesting,公司match/vesting,127,701,18.12
2026-07,max_limits,存满/限额/超存,28,701,3.99
2026-07,new_to_401k,新手入门,2,701,0.29
2026-07,other,other,182,701,25.96
2026-07,progress_anxiety,进度焦虑(am I behind),17,701,2.43
2026-07,rmd_retirement,RMD/退休支取,35,701,4.99
2026-07,rollover_jobchange,换工作/rollover/旧账户,19,701,2.71
2026-07,roth_vs_traditional,Roth vs Traditional,152,701,21.68
2026-07,solo_401k,Solo 401k/自雇,9,701,1.28
2026-08,contribution_howmuch,存多少/存够没,29,820,3.54
2026-08,early_withdrawal,提前取钱/套现,41,820,5.0
2026-08,fees_provider,费用/服务商,6,820,0.73
2026-08,fund_selection,选基金/资产配置,34,820,4.15
2026-08,loan_401k,401k贷款,1,820,0.12
2026-08,market_panic,市场下跌恐慌,4,820,0.49
2026-08,match_vesting,公司match/vesting,150,820,18.29
2026-08,max_limits,存满/限额/超存,32,820,3.9
2026-08,new_to_401k,新手入门,3,820,0.37
2026-08,other,other,164,820,20.0
2026-08,progress_anxiety,进度焦虑(am I behind),47,820,5.73
2026-08,rmd_retirement,RMD/退休支取,68,820,8.29
2026-08,rollover_jobchange,换工作/rollover/旧账户,31,820,3.78
2026-08,roth_vs_traditional,Roth vs Traditional,201,820,24.51
2026-08,solo_401k,Solo 401k/自雇,9,820,1.1
2026-09,contribution_howmuch,存多少/存够没,18,501,3.59
2026-09,early_withdrawal,提前取钱/套现,25,501,4.99
2026-09,fees_provider,费用/服务商,4,501,0.8
2026-09,fund_selection,选基金/资产配置,17,501,3.39
2026-09,loan_401k,401k贷款,3,501,0.6
2026-09,market_panic,市场下跌恐慌,3,501,0.6
2026-09,match_vesting,公司match/vesting,75,501,14.97
2026-09,max_limits,存满/限额/超存,27,501,5.39
2026-09,new_to_401k,新手入门,1,501,0.2
2026-09,other,other,122,501,24.35
2026-09,progress_anxiety,进度焦虑(am I behind),29,501,5.79
2026-09,rmd_retirement,RMD/退休支取,46,501,9.18
2026-09,rollover_jobchange,换工作/rollover/旧账户,15,501,2.99
2026-09,roth_vs_traditional,Roth vs Traditional,112,501,22.36
2026-09,solo_401k,Solo 401k/自雇,4,501,0.8
